url,category
pankholjuva.com,tourism
bbc.com,news
coursera.com,education
https://www.amazon.com,ecommerce
https://www.flipkart.com,ecommerce
https://www.ebay.com,ecommerce
https://www.shopify.com,ecommerce
https://www.meesho.com,ecommerce
https://www.myntra.com,ecommerce
https://www.snapdeal.com,ecommerce
https://www.etsy.com,ecommerce
https://www.walmart.com,ecommerce
https://www.ajio.com,ecommerce
https://www.nykaa.com,ecommerce
https://www.target.com,ecommerce
https://www.bestbuy.com,ecommerce
https://www.alibaba.com,ecommerce
https://www.indiamart.com,ecommerce
https://www.paytmmall.com,ecommerce
https://www.tatacliq.com,ecommerce
https://www.newegg.com,ecommerce
https://www.overstock.com,ecommerce
https://www.wayfair.com,ecommerce
https://www.bigbasket.com,ecommerce
https://www.grofers.com,ecommerce
https://www.jiomart.com,ecommerce
https://www.shopclues.com,ecommerce
https://www.limeroad.com,ecommerce
https://www.pepperfry.com,ecommerce
https://www.firstcry.com,ecommerce
https://www.zivame.com,ecommerce
https://www.craftsvilla.com,ecommerce
https://www.purplle.com,ecommerce
https://www.bewakoof.com,ecommerce
https://www.clovia.com,ecommerce
https://www.mamaearth.in,ecommerce
https://www.boat-lifestyle.com,ecommerce
https://www.croma.com,ecommerce
https://www.reliancedigital.in,ecommerce
https://www.vijaysales.com,ecommerce
https://www.infibeam.com,ecommerce
https://www.industrybuying.com,ecommerce
https://www.udaan.com,ecommerce
https://www.moglix.com,ecommerce
https://www.bhphotovideo.com,ecommerce
https://www.costco.com,ecommerce
https://www.samsclub.com,ecommerce
https://www.macys.com,ecommerce
https://www.nordstrom.com,ecommerce
https://www.zappos.com,ecommerce
https://www.chewy.com,ecommerce
https://www.wish.com,ecommerce
https://www.banggood.com,ecommerce
https://www.shein.com,ecommerce
https://www.noon.com,ecommerce
https://www.namshi.com,ecommerce
https://www.souq.com,ecommerce
https://www.carrefour.com,ecommerce
https://www.ikea.com,ecommerce
https://www.zara.com,ecommerce
https://www.hm.com,ecommerce
https://www.uniqlo.com,ecommerce
https://www.gap.com,ecommerce
https://www.oldnavy.com,ecommerce
https://www.forever21.com,ecommerce
https://www.urbanoutfitters.com,ecommerce
https://www.asos.com,ecommerce
https://www.boohoo.com,ecommerce
https://www.prettylittlething.com,ecommerce
https://www.farfetch.com,ecommerce
https://www.net-a-porter.com,ecommerce
https://www.ssense.com,ecommerce
https://www.theRealReal.com,ecommerce
https://www.poshmark.com,ecommerce
https://www.depop.com,ecommerce
https://www.vinted.com,ecommerce
https://www.tradesy.com,ecommerce
https://www.vestiairecollective.com,ecommerce
https://www.shopbop.com,ecommerce
https://www.revolve.com,ecommerce
https://www.nastygal.com,ecommerce
https://www.anthropologie.com,ecommerce
https://www.freepeople.com,ecommerce
https://www.lulus.com,ecommerce
https://www.modcloth.com,ecommerce
https://www.torrid.com,ecommerce
https://www.lanebryant.com,ecommerce
https://www.wiggle.com,ecommerce
https://www.chain-reaction-cycles.com,ecommerce
https://www.halfords.com,ecommerce
https://www.sportsdirect.com,ecommerce
https://www.decathlon.in,ecommerce
https://www.sportsauthority.com,ecommerce
https://www.dickssportinggoods.com,ecommerce
https://www.rei.com,ecommerce
https://www.backcountry.com,ecommerce
https://www.cabelas.com,ecommerce
https://www.basspro.com,ecommerce
https://www.academy.com,ecommerce
https://www.snapfish.com,ecommerce
https://www.shutterfly.com,ecommerce
https://www.vistaprint.com,ecommerce
https://www.minted.com,ecommerce
https://www.khanacademy.org,education
https://www.coursera.org,education
https://www.udemy.com,education
https://www.edx.org,education
https://www.skillshare.com,education
https://www.duolingo.com,education
https://www.byju.com,education
https://www.unacademy.com,education
https://www.vedantu.com,education
https://www.toppr.com,education
https://www.meritnation.com,education
https://www.extramarks.com,education
https://www.classplus.co,education
https://www.teachmint.com,education
https://www.doubtnut.com,education
https://www.physicswallah.live,education
https://www.embibe.com,education
https://www.simplilearn.com,education
https://www.greatlearning.in,education
https://www.upgrad.com,education
https://www.intellipaat.com,education
https://www.linkedin.com/learning,education
https://www.pluralsight.com,education
https://www.udacity.com,education
https://www.codecademy.com,education
https://www.freecodecamp.org,education
https://www.w3schools.com,education
https://www.geeksforgeeks.org,education
https://www.tutorialspoint.com,education
https://www.javatpoint.com,education
https://www.mit.edu,education
https://www.harvard.edu,education
https://www.stanford.edu,education
https://www.iitb.ac.in,education
https://www.iitd.ac.in,education
https://www.iitm.ac.in,education
https://www.nptel.ac.in,education
https://www.swayam.gov.in,education
https://www.nios.ac.in,education
https://www.ignou.ac.in,education
https://www.ugc.ac.in,education
https://www.cbse.gov.in,education
https://www.ncert.nic.in,education
https://www.diksha.gov.in,education
https://www.epathshala.nic.in,education
https://www.britishcouncil.org,education
https://www.cambridgeinternational.org,education
https://www.ielts.org,education
https://www.toefl.org,education
https://www.gre.org,education
https://www.gmat.org,education
https://www.pearson.com,education
https://www.cengage.com,education
https://www.mcgraw-hill.com,education
https://www.oxfordlearnersdictionaries.com,education
https://www.merriam-webster.com,education
https://www.dictionary.com,education
https://www.britannica.com,education
https://www.scholastic.com,education
https://www.nationalgeographic.com/education,education
https://www.pbs.org/education,education
https://www.ted.com,education
https://www.masterclass.com,education
https://www.curiositystream.com,education
https://www.brilliant.org,education
https://www.wolfram.com,education
https://www.mathway.com,education
https://www.symbolab.com,education
https://www.desmos.com,education
https://www.quizlet.com,education
https://www.kahoot.com,education
https://www.mentimeter.com,education
https://www.classdojo.com,education
https://www.remind.com,education
https://www.schoology.com,education
https://www.canvas.net,education
https://www.blackboard.com,education
https://www.moodle.org,education
https://www.googleclassroom.com,education
https://www.microsoft.com/en-us/education,education
https://www.apple.com/education,education
https://www.readworks.org,education
https://www.newsela.com,education
https://www.commonlit.org,education
https://www.ixl.com,education
https://www.prodigy.com,education
https://www.splashlearn.com,education
https://www.abcmouse.com,education
https://www.starfall.com,education
https://www.coolmathgames.com,education
https://www.typing.com,education
https://www.code.org,education
https://www.scratch.mit.edu,education
https://www.tinkercad.com,education
https://www.instructables.com,education
https://www.makeymakey.com,education
https://www.futurelearn.com,education
https://www.open.edu,education
https://www.alison.com,education
https://www.bbc.com,news
https://www.reuters.com,news
https://www.apnews.com,news
https://www.cnn.com,news
https://www.theguardian.com,news
https://www.nytimes.com,news
https://www.washingtonpost.com,news
https://www.thehindu.com,news
https://www.ndtv.com,news
https://www.timesofindia.indiatimes.com,news
https://www.hindustantimes.com,news
https://www.indianexpress.com,news
https://www.theprint.in,news
https://www.thewire.in,news
https://www.scroll.in,news
https://www.firstpost.com,news
https://www.news18.com,news
https://www.aajtak.in,news
https://www.abplive.com,news
https://www.zeenews.india.com,news
https://www.indiatoday.in,news
https://www.outlookindia.com,news
https://www.businessstandard.com,news
https://www.livemint.com,news
https://www.financialexpress.com,news
https://www.economictimes.com,news
https://www.moneycontrol.com,news
https://www.aljazeera.com,news
https://www.dw.com,news
https://www.france24.com,news
https://www.rt.com,news
https://www.sputniknews.com,news
https://www.xinhuanet.com,news
https://www.bloomberg.com,news
https://www.forbes.com,news
https://www.fortune.com,news
https://www.time.com,news
https://www.newsweek.com,news
https://www.theatlantic.com,news
https://www.newyorker.com,news
https://www.politico.com,news
https://www.axios.com,news
https://www.vox.com,news
https://www.buzzfeednews.com,news
https://www.huffpost.com,news
https://www.dailymail.co.uk,news
https://www.thesun.co.uk,news
https://www.mirror.co.uk,news
https://www.independent.co.uk,news
https://www.telegraph.co.uk,news
https://www.thetimes.co.uk,news
https://www.smh.com.au,news
https://www.theaustralian.com.au,news
https://www.abc.net.au/news,news
https://www.globeandmail.com,news
https://www.cbc.ca/news,news
https://www.nationalpost.com,news
https://www.lemonde.fr,news
https://www.spiegel.de,news
https://www.corriere.it,news
https://www.elpais.com,news
https://www.asahi.com,news
https://www.dawn.com,news
https://www.thedailystar.net,news
https://www.nation.africa,news
https://www.mg.co.za,news
https://www.punchng.com,news
https://www.vanguardngr.com,news
https://www.manoramaonline.com,news
https://www.mathrubhumi.com,news
https://www.eenadu.net,news
https://www.dinamalar.com,news
https://www.anandabazar.com,news
https://www.loksatta.com,news
https://www.divyabhaskar.co.in,news
https://www.jagran.com,news
https://www.amarujala.com,news
https://www.navbharattimes.indiatimes.com,news
https://www.punjabkesari.in,news
https://www.tribuneindia.com,news
https://www.deccanherald.com,news
https://www.deccanchronicle.com,news
https://www.telanganatoday.com,news
https://www.newindianexpress.com,news
https://www.thestatesman.com,news
https://www.telegraphindia.com,news
https://www.asianage.com,news
https://www.dnaindia.com,news
https://www.mid-day.com,news
https://www.mumbaimirror.com,news
https://www.freepressjournal.in,news
https://www.newslaundry.com,news
https://www.thequint.com,news
https://www.catchnews.com,news
https://www.opindia.com,news
https://www.swarajyamag.com,news
https://www.thelogicalindian.com,news
https://www.indiatimes.com,news
https://www.india.com,news
https://www.techcrunch.com,technology
https://www.wired.com,technology
https://www.theverge.com,technology
https://www.arstechnica.com,technology
https://www.engadget.com,technology
https://www.zdnet.com,technology
https://www.cnet.com,technology
https://www.pcmag.com,technology
https://www.tomshardware.com,technology
https://www.anandtech.com,technology
https://www.gsmarena.com,technology
https://www.91mobiles.com,technology
https://www.gadgets360.com,technology
https://www.digit.in,technology
https://www.bgr.in,technology
https://www.thenextweb.com,technology
https://www.techradar.com,technology
https://www.tomsguide.com,technology
https://www.digitaltrends.com,technology
https://www.gizmodo.com,technology
https://www.mashable.com,technology
https://www.venturebeat.com,technology
https://www.mit.edu/technology,technology
https://www.ieee.org,technology
https://www.acm.org,technology
https://www.nature.com/technology,technology
https://www.sciencedaily.com,technology
https://www.technologyreview.com,technology
https://www.spectrum.ieee.org,technology
https://www.hackaday.com,technology
https://www.slashdot.org,technology
https://www.hacker-news.org,technology
https://www.producthunt.com,technology
https://www.github.com,technology
https://www.stackoverflow.com,technology
https://www.dev.to,technology
https://www.medium.com/technology,technology
https://www.towardsdatascience.com,technology
https://www.kdnuggets.com,technology
https://www.analyticsvidhya.com,technology
https://www.machinelearningmastery.com,technology
https://www.paperswithcode.com,technology
https://www.huggingface.co,technology
https://www.openai.com,technology
https://www.anthropic.com,technology
https://www.deepmind.com,technology
https://www.nvidia.com/en-in/research,technology
https://www.intel.com/research,technology
https://www.qualcomm.com/research,technology
https://www.arm.com,technology
https://www.amd.com,technology
https://www.apple.com/technology,technology
https://www.microsoft.com/research,technology
https://www.google.com/research,technology
https://www.meta.com/research,technology
https://www.amazon.science,technology
https://www.ibm.com/research,technology
https://www.oracle.com/technology,technology
https://www.sap.com/technology,technology
https://www.salesforce.com/research,technology
https://www.cisco.com/research,technology
https://www.hp.com/research,technology
https://www.dell.com/research,technology
https://www.infosys.com/research,technology
https://www.wipro.com/research,technology
https://www.tcs.com/research,technology
https://www.hcltech.com/research,technology
https://www.techgig.com,technology
https://www.nasscom.in,technology
https://www.dataquest.io,technology
https://www.datacamp.com,technology
https://www.cloudera.com,technology
https://www.databricks.com,technology
https://www.snowflake.com,technology
https://www.mongodb.com,technology
https://www.elastic.co,technology
https://www.splunk.com,technology
https://www.tableau.com,technology
https://www.powerbi.microsoft.com,technology
https://www.looker.com,technology
https://www.domo.com,technology
https://www.twilio.com,technology
https://www.stripe.com/technology,technology
https://www.okta.com,technology
https://www.cloudflare.com,technology
https://www.fastly.com,technology
https://www.akamai.com,technology
https://www.digitalocean.com,technology
https://www.linode.com,technology
https://www.vultr.com,technology
https://www.heroku.com,technology
https://www.netlify.com,technology
https://www.vercel.com,technology
https://www.docker.com,technology
https://www.kubernetes.io,technology
https://www.terraform.io,technology
https://www.ansible.com,technology
https://www.jenkins.io,technology
https://www.gitlab.com,technology
https://www.bitbucket.org,technology
https://www.webmd.com,health
https://www.healthline.com,health
https://www.mayoclinic.org,health
https://www.medlineplus.gov,health
https://www.nih.gov,health
https://www.cdc.gov,health
https://www.who.int,health
https://www.health.harvard.edu,health
https://www.clevelandclinic.org,health
https://www.hopkinsmedicine.org,health
https://www.medicalnewstoday.com,health
https://www.everydayhealth.com,health
https://www.verywellhealth.com,health
https://www.healthgrades.com,health
https://www.zocdoc.com,health
https://www.practo.com,health
https://www.1mg.com,health
https://www.netmeds.com,health
https://www.pharmeasy.in,health
https://www.apollopharmacy.in,health
https://www.medplusmart.com,health
https://www.lybrate.com,health
https://www.mfine.co,health
https://www.docprime.com,health
https://www.healthkart.com,health
https://www.wellnessforever.com,health
https://www.myupchar.com,health
https://www.nhp.gov.in,health
https://www.mohfw.gov.in,health
https://www.aiims.edu,health
https://www.pgimer.edu.in,health
https://www.nimhans.ac.in,health
https://www.tmc.gov.in,health
https://www.spine-health.com,health
https://www.drugs.com,health
https://www.rxlist.com,health
https://www.patientslikeme.com,health
https://www.sharecare.com,health
https://www.caringbridge.org,health
https://www.cancer.org,health
https://www.heart.org,health
https://www.diabetes.org,health
https://www.arthritis.org,health
https://www.lupus.org,health
https://www.crohnsandcolitis.com,health
https://www.alz.org,health
https://www.parkinson.org,health
https://www.nami.org,health
https://www.mentalhealth.gov,health
https://www.psychologytoday.com,health
https://www.headspace.com,health
https://www.calm.com,health
https://www.betterhelp.com,health
https://www.talkspace.com,health
https://www.fitbit.com,health
https://www.garmin.com/health,health
https://www.apple.com/health,health
https://www.google.com/health,health
https://www.samsung.com/health,health
https://www.withings.com,health
https://www.23andme.com,health
https://www.ancestry.com/health,health
https://www.color.com,health
https://www.genome.gov,health
https://www.ncbi.nlm.nih.gov,health
https://www.pubmed.ncbi.nlm.nih.gov,health
https://www.thelancet.com,health
https://www.nejm.org,health
https://www.bmj.com,health
https://www.jamanetwork.com,health
https://www.nutrition.org,health
https://www.eatright.org,health
https://www.nhs.uk,health
https://www.nhsinform.scot,health
https://www.healthdirect.gov.au,health
https://www.canada.ca/health,health
https://www.chc.ac.in,health
https://www.fortishealthcare.com,health
https://www.manipalhospitals.com,health
https://www.maxhealthcare.in,health
https://www.medanta.org,health
https://www.narayanahealth.org,health
https://www.kokilabenhospital.com,health
https://www.lilavati.org,health
https://www.hindujahospital.com,health
https://www.breachcandyhospital.org,health
https://www.saifee.com,health
https://www.drreddy.com,health
https://www.sunpharma.com,health
https://www.cipla.com,health
https://www.lupin.com,health
https://www.astrazeneca.com/health,health
https://www.pfizer.com/health,health
https://www.novartis.com/health,health
https://www.roche.com/health,health
https://www.abbvie.com,health
https://www.johnsonandjohnson.com/health,health
https://www.medtronic.com,health
https://www.philips.com/health,health
https://www.investopedia.com,finance
https://www.moneycontrol.com,finance
https://www.economictimes.com,finance
https://www.bloomberg.com/finance,finance
https://www.reuters.com/finance,finance
https://www.wsj.com,finance
https://www.ft.com,finance
https://www.cnbc.com,finance
https://www.marketwatch.com,finance
https://www.thestreet.com,finance
https://www.seekingalpha.com,finance
https://www.morningstar.com,finance
https://www.fool.com,finance
https://www.nerdwallet.com,finance
https://www.bankrate.com,finance
https://www.creditkarma.com,finance
https://www.mint.com,finance
https://www.personalcapital.com,finance
https://www.ynab.com,finance
https://www.quicken.com,finance
https://www.intuit.com,finance
https://www.zerodha.com,finance
https://www.groww.in,finance
https://www.upstox.com,finance
https://www.angelone.in,finance
https://www.5paisa.com,finance
https://www.icicidirect.com,finance
https://www.hdfcsec.com,finance
https://www.kotak.com/securities,finance
https://www.sbisec.co.in,finance
https://www.axisdirect.in,finance
https://www.motilaloswal.com,finance
https://www.sharekhan.com,finance
https://www.reliancesmartmoney.com,finance
https://www.etmoney.com,finance
https://www.paytmmoney.com,finance
https://www.fisdom.com,finance
https://www.kuvera.in,finance
https://www.coin.zerodha.com,finance
https://www.mutualfundssahihai.com,finance
https://www.amfiindia.com,finance
https://www.sebi.gov.in,finance
https://www.rbi.org.in,finance
https://www.nseindia.com,finance
https://www.bseindia.com,finance
https://www.crisil.com,finance
https://www.icra.in,finance
https://www.careratings.com,finance
https://www.paisabazaar.com,finance
https://www.bankbazaar.com,finance
https://www.policybazaar.com,finance
https://www.coverfox.com,finance
https://www.acko.com,finance
https://www.digit.in,finance
https://www.hdfclife.com,finance
https://www.iciciprulife.com,finance
https://www.licindia.in,finance
https://www.sbigeneral.in,finance
https://www.starhealth.in,finance
https://www.niacl.org.in,finance
https://www.federalbank.co.in,finance
https://www.yesbank.in,finance
https://www.indusind.com,finance
https://www.rblbank.com,finance
https://www.idfcfirstbank.com,finance
https://www.au.bank,finance
https://www.hsbc.co.in,finance
https://www.sc.com/in,finance
https://www.citibank.co.in,finance
https://www.jpmorgan.com,finance
https://www.goldmansachs.com,finance
https://www.morganstanley.com,finance
https://www.blackrock.com,finance
https://www.vanguard.com,finance
https://www.fidelity.com,finance
https://www.charles-schwab.com,finance
https://www.tdameritrade.com,finance
https://www.robinhood.com,finance
https://www.etrade.com,finance
https://www.interactivebrokers.com,finance
https://www.tastyworks.com,finance
https://www.coinbase.com,finance
https://www.binance.com,finance
https://www.wazirx.com,finance
https://www.coindcx.com,finance
https://www.zebpay.com,finance
https://www.unocoin.com,finance
https://www.coinswitch.co,finance
https://www.buyucoin.com,finance
https://www.bitbns.com,finance
https://www.taxmann.com,finance
https://www.cleartax.in,finance
https://www.taxbuddy.com,finance
https://www.incometax.gov.in,finance
https://www.gst.gov.in,finance
https://www.irdai.gov.in,finance
https://www.tripadvisor.com,tourism
https://www.booking.com,tourism
https://www.expedia.com,tourism
https://www.airbnb.com,tourism
https://www.makemytrip.com,tourism
https://www.goibibo.com,tourism
https://www.cleartrip.com,tourism
https://www.yatra.com,tourism
https://www.ixigo.com,tourism
https://www.easemytrip.com,tourism
https://www.thomascook.in,tourism
https://www.cox-kings.com,tourism
https://www.sotc.in,tourism
https://www.kesari.in,tourism
https://www.veenaworld.com,tourism
https://www.incredibleindia.org,tourism
https://www.tourism.gov.in,tourism
https://www.rajasthantourism.gov.in,tourism
https://www.keralatourism.org,tourism
https://www.goatourism.gov.in,tourism
https://www.himachaltourism.gov.in,tourism
https://www.uttarakhandtourism.gov.in,tourism
https://www.gujarattourism.com,tourism
https://www.maharashtratourism.gov.in,tourism
https://www.karnatakatourism.org,tourism
https://www.tamilnadutourism.tn.gov.in,tourism
https://www.telangana.gov.in/tourism,tourism
https://www.odishatourism.gov.in,tourism
https://www.assamtourism.gov.in,tourism
https://www.sikkimtourism.gov.in,tourism
https://www.hotels.com,tourism
https://www.agoda.com,tourism
https://www.hostelworld.com,tourism
https://www.kayak.com,tourism
https://www.skyscanner.com,tourism
https://www.momondo.com,tourism
https://www.google.com/travel,tourism
https://www.lonelyplanet.com,tourism
https://www.roughguides.com,tourism
https://www.fodors.com,tourism
https://www.frommers.com,tourism
https://www.ricksteves.com,tourism
https://www.nationalgeographic.com/travel,tourism
https://www.cntraveler.com,tourism
https://www.travelandleisure.com,tourism
https://www.afar.com,tourism
https://www.wanderlust.co.uk,tourism
https://www.travelchannel.com,tourism
https://www.luxurytravelmagazine.com,tourism
https://www.thousandwonders.net,tourism
https://www.atlasobscura.com,tourism
https://www.worldnomads.com,tourism
https://www.travelinsurance.com,tourism
https://www.covermore.com,tourism
https://www.airasia.com,tourism
https://www.indiigo.com,tourism
https://www.airindia.in,tourism
https://www.spicejet.com,tourism
https://www.goair.in,tourism
https://www.vistara.com,tourism
https://www.akasaair.com,tourism
https://www.emirates.com,tourism
https://www.etihad.com,tourism
https://www.qatarairways.com,tourism
https://www.singaporeair.com,tourism
https://www.cathaypacific.com,tourism
https://www.thaimAirways.com,tourism
https://www.malaysiaairlines.com,tourism
https://www.srilankan.com,tourism
https://www.visitdubai.com,tourism
https://www.visitsingapore.com,tourism
https://www.tourismthailand.org,tourism
https://www.indonesia.travel,tourism
https://www.phillipines.travel,tourism
https://www.vietnam.travel,tourism
https://www.australia.com,tourism
https://www.newzealand.com,tourism
https://www.visitjapan.jp,tourism
https://www.visitkorea.or.kr,tourism
https://www.cnto.org,tourism
https://www.france.fr,tourism
https://www.italia.it,tourism
https://www.spain.info,tourism
https://www.visitgreece.gr,tourism
https://www.visitportugal.com,tourism
https://www.visitscotland.com,tourism
https://www.ireland.com,tourism
https://www.visitnorway.com,tourism
https://www.visitsweden.com,tourism
https://www.visitfinland.com,tourism
https://www.ny.gov/tourism,tourism
https://www.discoverlosangeles.com,tourism
https://www.visitlasvegas.com,tourism
https://www.choosechicago.com,tourism
https://www.visitmusiccity.com,tourism
https://www.hellomiami.com,tourism
https://www.imdb.com,entertainment
https://www.rottentomatoes.com,entertainment
https://www.metacritic.com,entertainment
https://www.fandango.com,entertainment
https://www.boxofficemojo.com,entertainment
https://www.variety.com,entertainment
https://www.hollywoodreporter.com,entertainment
https://www.deadline.com,entertainment
https://www.ew.com,entertainment
https://www.vulture.com,entertainment
https://www.indiewire.com,entertainment
https://www.screenrant.com,entertainment
https://www.cbr.com,entertainment
https://www.den-of-geek.com,entertainment
https://www.collider.com,entertainment
https://www.cinemablend.com,entertainment
https://www.movieweb.com,entertainment
https://www.filmaffinity.com,entertainment
https://www.letterboxd.com,entertainment
https://www.justwatch.com,entertainment
https://www.netflix.com,entertainment
https://www.primevideo.com,entertainment
https://www.hotstar.com,entertainment
https://www.zee5.com,entertainment
https://www.sonyliv.com,entertainment
https://www.voot.com,entertainment
https://www.mxplayer.in,entertainment
https://www.erosnow.com,entertainment
https://www.altbalaji.com,entertainment
https://www.hoichoi.tv,entertainment
https://www.hungama.com,entertainment
https://www.jiocinema.com,entertainment
https://www.tvf.in,entertainment
https://www.scoutmytrip.com,entertainment
https://www.filmfare.com,entertainment
https://www.bollywoodhungama.com,entertainment
https://www.pinkvilla.com,entertainment
https://www.koimoi.com,entertainment
https://www.desimartini.com,entertainment
https://www.tellychakkar.com,entertainment
https://www.telly-updates.com,entertainment
https://www.india-forums.com,entertainment
https://www.spotify.com,entertainment
https://www.gaana.com,entertainment
https://www.jiosaavn.com,entertainment
https://www.wynk.in,entertainment
https://www.raaga.com,entertainment
https://www.smule.com,entertainment
https://www.genius.com,entertainment
https://www.azlyrics.com,entertainment
https://www.metrolyrics.com,entertainment
https://www.rollingstone.com,entertainment
https://www.pitchfork.com,entertainment
https://www.nme.com,entertainment
https://www.billboard.com,entertainment
https://www.spin.com,entertainment
https://www.stereogum.com,entertainment
https://www.allmusic.com,entertainment
https://www.last.fm,entertainment
https://www.bandcamp.com,entertainment
https://www.soundcloud.com,entertainment
https://www.mixcloud.com,entertainment
https://www.reverbnation.com,entertainment
https://www.ign.com,entertainment
https://www.gamespot.com,entertainment
https://www.kotaku.com,entertainment
https://www.polygon.com,entertainment
https://www.pcgamer.com,entertainment
https://www.eurogamer.net,entertainment
https://www.rockpapershotgun.com,entertainment
https://www.gamesradar.com,entertainment
https://www.destructoid.com,entertainment
https://www.vg247.com,entertainment
https://www.gamerant.com,entertainment
https://www.pocketgamer.com,entertainment
https://www.toucharcade.com,entertainment
https://www.steam.com,entertainment
https://www.epicgames.com,entertainment
https://www.gog.com,entertainment
https://www.humblebundle.com,entertainment
https://www.fanatical.com,entertainment
https://www.comicbookmovie.com,entertainment
https://www.dccomics.com,entertainment
https://www.marvel.com,entertainment
https://www.darkhorse.com,entertainment
https://www.imagecomics.com,entertainment
https://www.idwpublishing.com,entertainment
https://www.comixology.com,entertainment
https://www.readcomicsonline.ru,entertainment
https://www.mangaplus.com,entertainment
https://www.crunchyroll.com,entertainment
https://www.funimation.com,entertainment
https://www.animeplanet.com,entertainment
https://www.myanimelist.net,entertainment
https://www.animenewsnetwork.com,entertainment
https://www.tvline.com,entertainment
https://www.tvguide.com,entertainment
https://www.zap2it.com,entertainment
https://www.futoncritic.com,entertain
https://www.espn.com,sports
https://www.cricbuzz.com,sports
https://www.bcci.tv,sports
https://www.iplt20.com,sports
https://www.icc-cricket.com,sports
https://www.cricinfo.com,sports
https://www.sportstar.thehindu.com,sports
https://www.sportskida.com,sports
https://www.sportskeeda.com,sports
https://www.goal.com,sports
https://www.fifa.com,sports
https://www.uefa.com,sports
https://www.premierleague.com,sports
https://www.laliga.com,sports
https://www.bundesliga.com,sports
https://www.seriea.com,sports
https://www.ligue1.fr,sports
https://www.isl.fcweb.in,sports
https://www.the-aiff.com,sports
https://www.nba.com,sports
https://www.nfl.com,sports
https://www.mlb.com,sports
https://www.nhl.com,sports
https://www.mls.com,sports
https://www.wnba.com,sports
https://www.pga.com,sports
https://www.lpga.com,sports
https://www.atptour.com,sports
https://www.wtatennis.com,sports
https://www.wimbledon.com,sports
https://www.rolandgarros.com,sports
https://www.usopen.org,sports
https://www.australianopen.com,sports
https://www.formula1.com,sports
https://www.motogp.com,sports
https://www.indycar.com,sports
https://www.nascar.com,sports
https://www.wrc.com,sports
https://www.fia.com,sports
https://www.worldathletics.org,sports
https://www.olympic.org,sports
https://www.olympics.com,sports
https://www.paralympics.org,sports
https://www.cwgames.org,sports
https://www.asiangames2023.cn,sports
https://www.ufc.com,sports
https://www.wwe.com,sports
https://www.boxingscene.com,sports
https://www.badmintonworld.tv,sports
https://www.bwfbadminton.com,sports
https://www.bai.org.in,sports
https://www.hokeyindia.org,sports
https://www.kabbaddi.org,sports
https://www.procabaddi.com,sports
https://www.pkl.in,sports
https://www.psl-t20.com,sports
https://www.bigbash.com.au,sports
https://www.caribbeanpremierleague.com,sports
https://www.t20worldcup.com,sports
https://www.odiworldcup.com,sports
https://www.wrestlingindia.com,sports
https://www.archery.sport,sports
https://www.shooting.sport,sports
https://www.weightlifting.sport,sports
https://www.gymnastics.sport,sports
https://www.swimming.sport,sports
https://www.cycling.sport,sports
https://www.rowing.sport,sports
https://www.sailing.sport,sports
https://www.equestrian.org,sports
https://www.fencing.org,sports
https://www.judo.org,sports
https://www.taekwondo.sport,sports
https://www.karate.sport,sports
https://www.boxing.sport,sports
https://www.khelo.india.gov.in,sports
https://www.sportsauthorityofindia.nic.in,sports
https://www.indiasports.gov.in,sports
https://www.sportstarlive.com,sports
https://www.sportsbusinessjournal.com,sports
https://www.sportspromedia.com,sports
https://www.skysports.com,sports
https://www.btsport.com,sports
https://www.talkingsport.com,sports
https://www.bleacherreport.com,sports
https://www.cbssports.com,sports
https://www.foxsports.com,sports
https://www.nbcsports.com,sports
https://www.sportingnews.com,sports
https://www.si.com,sports
https://www.theathletic.com,sports
https://www.deadspin.com,sports
https://www.fivethirtyeight.com/sports,sports
https://www.statmuse.com,sports
https://www.basketball-reference.com,sports
https://www.baseball-reference.com,sports
https://www.india.gov.in,government
https://www.usa.gov,government
https://www.gov.uk,government
https://www.australia.gov.au,government
https://www.canada.ca,government
https://www.gouvernement.fr,government
https://www.bundesregierung.de,government
https://www.government.nl,government
https://www.government.se,government
https://www.government.no,government
https://www.government.dk,government
https://www.government.fi,government
https://www.mha.gov.in,government
https://www.mea.gov.in,government
https://www.mod.gov.in,government
https://www.finmin.nic.in,government
https://www.education.gov.in,government
https://www.health.gov.in,government
https://www.agriculture.gov.in,government
https://www.dpiit.gov.in,government
https://www.msme.gov.in,government
https://www.meity.gov.in,government
https://www.dot.gov.in,government
https://www.shipping.gov.in,government
https://www.pib.gov.in,government
https://www.mygov.in,government
https://www.digital.india.gov.in,government
https://www.startup.india.gov.in,government
https://www.makeinindia.com,government
https://www.skillindia.gov.in,government
https://www.pmkisan.gov.in,government
https://www.pmjay.gov.in,government
https://www.pmgsy.nic.in,government
https://www.pmay.gov.in,government
https://www.swachhbharat.gov.in,government
https://www.jaldoot.gov.in,government
https://www.uidai.gov.in,government
https://www.digilocker.gov.in,government
https://www.umang.gov.in,government
https://www.irctc.co.in,government
https://www.indianrailways.gov.in,government
https://www.aai.aero,government
https://www.nhidcl.in,government
https://www.nhai.org,government
https://www.portsofindia.gov.in,government
https://www.eci.gov.in,government
https://www.sbi.co.in,government
https://www.nabard.org,government
https://www.sidbi.in,government
https://www.exim.gov.in,government
https://www.pnb.co.in,government
https://www.boi.in,government
https://www.canarabank.com,government
https://www.unionbankofindia.co.in,government
https://www.whitehouse.gov,government
https://www.congress.gov,government
https://www.senate.gov,government
https://www.supremecourt.gov,government
https://www.state.gov,government
https://www.defense.gov,government
https://www.treasury.gov,government
https://www.fbi.gov,government
https://www.cia.gov,government
https://www.nsa.gov,government
https://www.dhs.gov,government
https://www.hud.gov,government
https://www.epa.gov,government
https://www.nasa.gov,government
https://www.noaa.gov,government
https://www.usda.gov,government
https://www.fda.gov,government
https://www.cdc.gov,government
https://www.irs.gov,government
https://www.ssa.gov,government
https://www.va.gov,government
https://www.un.org,government
https://www.worldbank.org,government
https://www.imf.org,government
https://www.wto.org,government
https://www.oecd.org,government
https://www.g20.org,government
https://www.brics.com,government
https://www.saarc-sec.org,government
https://www.asean.org,government
https://www.nato.int,government
https://www.interpol.int,government
https://www.icj-cij.org,government
https://www.icc-cpi.int,government
https://www.unhcr.org,government
https://www.unicef.org,government
https://www.undp.org,government
https://www.wfp.org,government
https://www.fao.org,government
https://www.ilo.org,government
https://www.iaea.org,government
https://www.wipo.int,government
https://www.reddit.com,social_media
https://www.linkedin.com,social_media
https://www.quora.com,social_media
https://www.pinterest.com,social_media
https://www.tumblr.com,social_media
https://www.flickr.com,social_media
https://www.deviantart.com,social_media
https://www.behance.net,social_media
https://www.dribbble.com,social_media
https://www.medium.com,social_media
https://www.substack.com,social_media
https://www.wordpress.com,social_media
https://www.blogger.com,social_media
https://www.wix.com,social_media
https://www.squarespace.com,social_media
https://www.weebly.com,social_media
https://www.shareaholic.com,social_media
https://www.digg.com,social_media
https://www.stumbleupon.com,social_media
https://www.mix.com,social_media
https://www.scoop.it,social_media
https://www.sharechat.com,social_media
https://www.moj.in,social_media
https://www.josh.in,social_media
https://www.roposo.com,social_media
https://www.takatak.in,social_media
https://www.chingari.io,social_media
https://www.koo.com,social_media
https://www.localcircles.com,social_media
https://www.vokal.in,social_media
https://www.sheroes.com,social_media
https://www.hike.in,social_media
https://www.withlocals.com,social_media
https://www.goodreads.com,social_media
https://www.librarything.com,social_media
https://www.bookcrossing.com,social_media
https://www.shelfari.com,social_media
https://www.readgeek.com,social_media
https://www.listal.com,social_media
https://www.last.fm,social_media
https://www.rateyourmusic.com,social_media
https://www.musicbrainz.org,social_media
https://www.letterboxd.com,social_media
https://www.criticker.com,social_media
https://www.icheckmovies.com,social_media
https://www.boardgamegeek.com,social_media
https://www.myanimelist.net,social_media
https://www.anilist.co,social_media
https://www.kitsu.io,social_media
https://www.trakt.tv,social_media
https://www.serializd.com,social_media
https://www.untappd.com,social_media
https://www.vivino.com,social_media
https://www.cellartracker.com,social_media
https://www.strava.com,social_media
https://www.garmin.com/connect,social_media
https://www.mapmyfitness.com,social_media
https://www.runkeeper.com,social_media
https://www.nike.com/activity,social_media
https://www.peloton.com/community,social_media
https://www.zwift.com,social_media
https://www.trainer.road,social_media
https://www.wahoo.fitness,social_media
https://www.meetup.com,social_media
https://www.eventbrite.com,social_media
https://www.townscript.com,social_media
https://www.allevents.in,social_media
https://www.insider.in,social_media
https://www.paytm.com/events,social_media
https://www.bookmyshow.com,social_media
https://www.skillboxes.com,social_media
https://www.lbb.in,social_media
https://www.zomato.com/social,social_media
https://www.swiggy.com/social,social_media
https://www.openrice.com,social_media
https://www.yelp.com,social_media
https://www.foursquare.com,social_media
https://www.tripadvisor.com/social,social_media
https://www.couchsurfing.com,social_media
https://www.warmshowers.org,social_media
https://www.helpx.net,social_media
https://www.workaway.info,social_media
https://www.wwoof.net,social_media
https://www.trustedhousesitters.com,social_media
https://www.care.com,social_media
https://www.sittercity.com,social_media
https://www.urbansitter.com,social_media
https://www.nextdoor.com,social_media
https://www.neighborwho.com,social_media
https://www.patientslikeme.com,social_media
https://www.caringbridge.org,social_media
https://www.inspire.com,social_media
https://www.dailystrength.org,social_media
https://www.forums.macrumors.com,social_media
https://www.androidcentral.com,social_media
https://www.xda-developers.com,social_media
https://www.law.cornell.edu,legal
https://www.justia.com,legal
https://www.findlaw.com,legal
https://www.nolo.com,legal
https://www.avvo.com,legal
https://www.lawyers.com,legal
https://www.martindale.com,legal
https://www.legalmatch.com,legal
https://www.upcounsel.com,legal
https://www.legalzoom.com,legal
https://www.rocketlawyer.com,legal
https://www.lawdepot.com,legal
https://www.docracy.com,legal
https://www.contractscounsel.com,legal
https://www.priori.legal,legal
https://www.vakilsearch.com,legal
https://www.indiafilings.com,legal
https://www.legalwiz.in,legal
https://www.lawrato.com,legal
https://www.vidhikarya.com,legal
https://www.mylegalindia.com,legal
https://www.lawyered.in,legal
https://www.advocatekhoj.com,legal
https://www.ipleaders.in,legal
https://www.barandbench.com,legal
https://www.livelaw.in,legal
https://www.scconline.com,legal
https://www.manupatra.com,legal
https://www.indiacode.nic.in,legal
https://www.legislative.gov.in,legal
https://www.sci.gov.in,legal
https://www.bombayhighcourt.nic.in,legal
https://www.delhihighcourt.nic.in,legal
https://www.mhc.tn.gov.in,legal
https://www.ghc.gujarat.gov.in,legal
https://www.karnatakajudiciary.kar.nic.in,legal
https://www.allahabadhighcourt.in,legal
https://www.calcuttahighcourt.gov.in,legal
https://www.hcmrindia.nic.in,legal
https://www.uscourts.gov,legal
https://www.supremecourt.gov,legal
https://www.pacer.gov,legal
https://www.courtlistener.com,legal
https://www.case.law,legal
https://www.govinfo.gov,legal
https://www.congress.gov/legislation,legal
https://www.regulations.gov,legal
https://www.federalregister.gov,legal
https://www.ojp.gov,legal
https://www.justice.gov,legal
https://www.ftc.gov,legal
https://www.sec.gov,legal
https://www.ftc.gov/legal-library,legal
https://www.aclu.org,legal
https://www.eff.org,legal
https://www.hrw.org,legal
https://www.amnesty.org,legal
https://www.icrc.org,legal
https://www.icc-cpi.int,legal
https://www.icj-cij.org,legal
https://www.unhchr.ch,legal
https://www.ohchr.org,legal
https://www.ilsa.org,legal
https://www.americanbar.org,legal
https://www.barcouncil.org.uk,legal
https://www.lawsociety.org.uk,legal
https://www.abajournal.com,legal
https://www.law360.com,legal
https://www.lawcom.gov.uk,legal
https://www.lexisnexis.com,legal
https://www.westlaw.com,legal
https://www.bloomberglaw.com,legal
https://www.practicallaw.thomsonreuters.com,legal
https://www.wolterskluwer.com/legal,legal
https://www.legalweek.com,legal
https://www.americanlawyer.com,legal
https://www.globelawandbusiness.com,legal
https://www.ibanet.org,legal
https://www.lawgazette.co.uk,legal
https://www.thelawyer.com,legal
https://www.chambersandpartners.com,legal
https://www.legalband.com,legal
https://www.legalbusiness.co.uk,legal
https://www.rollonfriday.com,legal
https://www.todaysingeneral.com,legal
https://www.ipwatchdog.com,legal
https://www.patentlyo.com,legal
https://www.trademarkia.com,legal
https://www.wipo.int/patents,legal
https://www.ipindia.gov.in,legal
https://www.cgpdtm.gov.in,legal
https://www.copyright.gov.in,legal
https://www.bbc.co.uk,news
https://www.nhs.uk/conditions,health
https://www.hbomax.com,entertainment
https://www.etrade.com/investing,finance
https://www.sofi.com,finance
https://www.wealthfront.com,finance
https://www.betterment.com,finance
https://www.airbnb.co.in,tourism
https://www.holidayiq.com,tourism
https://www.thrillophilia.com,tourism
https://www.holidify.com,tourism
https://www.cricketcountry.com,sports
https://www.sportzwiki.com,sports
https://www.hindustantimes.com/cricket,sports
https://www.ndtv.com/sports,sports
https://www.uidai.gov.in/aadhaar,government
https://www.epfindia.gov.in,government
https://www.esic.gov.in,government
https://www.niti.gov.in,government
https://www.sharechat.com/trending,social_media
https://www.indiaforums.com,social_media
https://www.talkingpointsmemo.com,social_media
https://www.change.org,social_media
https://www.legalserviceindia.com,legal
https://www.latestlaws.com,legal
https://www.legalservices.gov.in,legal
https://www.districts.ecourts.gov.in,legal
https://www.nyaaya.org,legal
https://www.prsindia.org,legal
https://www.juscorpus.com,legal
https://www.lawyersclubindia.com,legal
https://www.secondlife.com,social_media
https://www.paltalk.com,social_media
https://www.secure.imvu.com,social_media
https://www.enterchatroom.com,social_media
https://www.antichat.me,social_media
https://www.chatroulette.com,social_media
https://www.rockchat.net,social_media
https://www.chatforfree.org,social_media
https://www.elitesingles.com,social_media
https://www.charmdate.com,social_media
https://www.321chat.com,social_media
https://www.chat.icq.com,social_media
https://www.tendermeets.com,social_media
https://www.mocospace.com,social_media
https://www.tinychat.com,social_media
https://www.justchat.co.uk,social_media
https://www.p.badoo.com,social_media
https://www.elitemate.com,social_media
https://www.date.com,social_media
https://www.flirt.com,social_media
https://www.chatib.us,social_media
https://www.wireclub.com,social_media
https://www.match.com,social_media
https://www.facebook.com,social_media
https://www.youtube.com,social_media
https://www.whatsapp.com,social_media
https://www.messenger.com,social_media
https://www.instagram.com,social_media
https://www.snapchat.com,social_media
https://www.line.me,social_media
https://www.telegram.org,social_media
https://www.321chat.com,social_media
https://www.chat-avenue.com,social_media
https://www.wireclub.com,social_media
https://www.paltalk.com,social_media
https://www.ukchat.com,social_media
https://www.kidschat.net,social_media
https://www.teen-chat.org,social_media
https://www.tinychat.com,social_media
https://www.y99.in,social_media
https://www.chat.tripsit.me,social_media
https://www.omegle.com,social_media
https://www.allotalk.com,social_media
https://www.rphaven.com,social_media
https://www.buzzen.com,social_media
https://www.chat27.co.za,social_media
https://www.b-gay.com,social_media
https://www.gaychat.zone,social_media
https://www.buzz50.com,social_media
https://www.seniorchatters.co.uk,social_media
https://www.chatogo.com,social_media
https://www.healthfulchat.org,social_media
https://www.chathour.com,social_media
https://www.spinchat.com,social_media
https://www.xat.com,social_media
https://www.chatblink.com,social_media
https://www.en.lycos.social,social_media
https://www.usachatnow.com,social_media
https://www.icq-chat.com,social_media
https://www.secondlife.com,social_media
https://www.christianchat.com,social_media
https://www.vpchat.com,social_media
https://www.chattusa.com,social_media
https://www.camamba.com,social_media
https://www.blackchat.co.uk,social_media
https://www.kidzworld.com,social_media
https://www.jesusrocksonirc.net,social_media
https://www.chatpit.com,social_media
https://www.chatfamily.com,social_media
https://www.diigo.com,social_media
https://www.twitpic.com,social_media
https://www.hi5.com,social_media
https://www.xanga.com,social_media
https://www.care2.com,social_media
https://www.orkut.com,social_media
https://www.getsatisfaction.com,social_media
https://www.moef.gov.in,government
https://www.goidirectory.nic.in,government
https://www.pensionersportal.gov.in,government
https://www.socialjustice.nic.in,legal
https://www.nmdfc.org,government
https://www.mib.gov.in,government
https://www.lawmin.gov.in,government
https://www.mumbaipolice.co.in,government
https://www.narcoticsindia.nic.in,government
https://www.upsc.gov.in,government
https://www.indianarmy.nic.in,government
https://www.ncbc.nic.in,government
https://www.indianairforce.nic.in,government
https://www.ifs.nic.in,government
https://www.ips.gov.in,government
https://www.nia.gov.in,government
https://www.crpf.gov.in,government
https://www.polisen.se,government
https://www.rcmp-grc.gc.ca,government
https://www.government.ru,government
https://www.asis.gov.au,government
https://www.dea.gov,government
https://www.ice.gov,government
https://www.cbic.gov.in,government
https://www.prisonministryindia.org,government
https://www.bjs.gov,government
https://www.ncjrs.gov,government
https://www.doj.gov.in,government
https://www.nij.ojp.gov,government
https://www.indianembassyusa.gov.in,government
https://www.incometaxindia.gov.in,government
https://www.in.usembassy.gov,government
https://www.portal2.passportindia.gov.in,government
https://www.dof.gov.ph,government
https://www.gov.scot,government
https://www.police-foundation.org.uk,government
https://www.bja.ojp.gov,government
https://www.nicic.gov,government
https://www.ovc.ojp.gov,government
https://www.atf.gov,government
https://www.policefoundationindia.org,government
https://www.cops.usdoj.gov,government
https://www.bop.gov,government
https://www.cabsec.gov.in,government
https://www.ncdrc.nic.in,government
https://www.legislation.gov.uk,government
https://www.legalaffairs.gov.in,government
https://www.leginfo.legislature.ca.gov,government
https://www.pmindia.gov.in,government
https://www.persmin.gov.in,government
https://www.legislation.govt.nz,government
https://www.ceo.maharashtra.gov.in,government
https://www.fec.gov,government
https://www.rti.gov.in,government
https://www.legislation.sa.gov.au,government
https://www.vote.gov,government
https://www.eac.gov,government
https://www.electoralcommission.org.uk,government
https://www.loksabha.nic.in,government
https://www.parliament.uk,government
https://www.legis.state.pa.us,government
https://www.legislation.wa.gov.au,government
https://www.eparlib.nic.in,government
https://www.ipu.org,government
https://www.legis.iowa.gov,government
https://www.army.mod.uk,government
https://www.sports.inquirer.net,sports
https://www.wwos.nine.com.au,sports
https://www.essentiallysports.com,sports
https://www.insidesport.co,sports
https://www.sportsnet.ca,sports
https://www.theroar.com.au,sports
https://www.canoe.com,sports
https://www.sportscafe.in,sports
https://www.footballcritic.com,sports
https://www.whatproswear.com,sports
https://www.sportscrunch.in,sports
https://www.arysports.tv,sports
https://www.usatodayhss.com,sports
https://www.thesportsnews.in,sports
https://www.unafraidshow.com,sports
https://www.worldinsport.com,sports
https://www.indiansportsnews.com,sports
https://www.sportsnewsireland.com,sports
https://www.westwoodonesports.com,sports
https://www.xtratime.in,sports
https://www.sportelo.com.ng,sports
https://www.sportsrenegade.com,sports
https://www.thesportsmirror.com,sports
https://www.franchisesports.co.uk,sports
https://www.pacificnwsports.com,sports
https://www.247sportsgist.com,sports
https://www.sportelo.com.ng,sports
https://www.sportsrenegade.com,sports
https://www.prosportsoutlook.com,sports
https://www.sportskanazee.com,sports
https://www.tksportstalk.com,sports
https://www.daenadsports.blogspot.com,sports
https://www.sportsevolve.blogspot.com,sports
https://www.sportspac12.com,sports
https://www.manunitedforever.net,sports
https://www.sportsration.com,sports
https://www.footballaudit.com,sports
https://www.csipacific.ca,sports
https://www.thebuzzsports.com,sports
https://www.prosportsoutlook.com,sports
https://www.sporttechie.com,sports
https://www.sportsnewsmoney.com,sports
https://www.globalmoneyworld.com,sports
https://www.scout.com,sports
https://www.sportsevolve.blogspot.com,sports
https://www.seriouslysports.com,sports
https://www.sportsinfonow.com,sports
https://www.sportsmanagement.co.uk,sports
https://www.completesports.com,sports
https://www.sportgrill.blog,sports
https://www.blog.betzcenter.com,sports
https://www.sportsplatform.in,social_media
https://www.sportspages.in,sports
https://www.benwsportblog.wordpress.com,sports
https://www.sportshype.online,sports
https://www.kridangan.com,sports
https://www.athletesanon.com,sports
https://www.dailysport.co.ke,sports
https://www.sportsvilla.wordpress.com,sports
https://www.101greatgoals.com,sports
https://www.thisisanfield.com,sports
https://www.sport360.com,sports
https://www.criclines.com,sports
https://www.cricadium.com,sports
https://www.cricblog.net,sports
https://www.cricxtasy.com,sports
https://www.beforeyoubet.com.au,sports
https://www.zerocric.com,sports
https://www.thefulltoss.com,news
https://www.sweepcricket.com,sports
https://www.caribbeancricket.com,sports
https://www.cricket-cup.blogspot.com,sports
https://www.mycricket.ae,sports
https://www.caughtatpoint.com,sports
https://www.qldcricket.com.au,sports
https://www.starsandstripesfc.com,sports
https://www.yoursoccerdose.com,sports
https://www.liverpoolecho.co.uk,sports
https://www.football.london,sports
https://www.avillafan.com,sports
https://www.just-football.com,sports
https://www.onefootball.com,sports
https://www.nottinghampost.com,sports
https://www.soccerstats.com,sports
https://www.diariogol.com,sports
https://www.crickettimes.com,sports
https://www.legaseriea.it,sports
https://www.arseblog.com,sports
https://www.sportslens.com,sports
https://www.transfermarkt.com,sports
https://www.nypost.com,sports
https://www.razzball.com,sports
https://www.d1baseball.com,sports
https://www.baseballamerica.com,sports
https://www.badzine.net,sports
https://www.badmintonengland.co.uk,sports
https://www.badmintonireland.com,sports
https://www.everything-badminton.com,sports
https://www.shuttlesmash.com,sports
https://www.tennisforfree.com,sports
https://www.tennis.com,sports
https://www.tennisexplorer.com,sports
https://www.peapod.com,ecommerce
https://www.relianceretail.com,ecommerce
https://www.amazon.in,ecommerce
https://www.instacart.com,ecommerce
https://www.naturesbasket.co.in,ecommerce
https://www.starquik.com,ecommerce
https://www.spencersretail.com,ecommerce
https://www.dunzo.com,ecommerce
https://www.easyday.in,ecommerce
https://www.patanjaliayurved.net,ecommerce
https://www.bigmartretail.com,ecommerce
https://www.suprdaily.com,ecommerce
https://www.relianceretail.com,ecommerce
https://www.waitrose.com,ecommerce
https://www.guess.com,ecommerce
https://www.fashionnova.com,ecommerce
https://www.www2.hm.com,ecommerce
https://www.urbanic.com,ecommerce
https://www.aeropostale.com,ecommerce
https://www.edgewear.com,ecommerce
https://www.berrylush.com,ecommerce
https://www.bonkerscorner.com,ecommerce
https://www.burgerbaeclothing.com,ecommerce
https://www.desiminimals.com,ecommerce
https://www.cottonseedusa.com,ecommerce
https://www.jimsclothing.com,ecommerce
https://www.themontanascene.com,ecommerce
https://www.landsend.com,ecommerce
https://www.outletshirts.com,ecommerce
https://www.shop.mango.com,ecommerce
https://www.only.in,ecommerce
https://www.kdsurfshop.com,ecommerce
https://www.hollywoodfashionsecrets.com,ecommerce
https://www.beltsdirect.com,ecommerce
https://www.accessorize.com,ecommerce
https://www.hotfingersgloves.com,ecommerce
https://www.ayeshaaccessories.com,ecommerce
https://www.bagborroworsteal.com,ecommerce
https://www.claires.com,ecommerce
https://www.scarves.com,ecommerce
https://www.fashionheaven.com,ecommerce
https://www.jewelsgalaxy.com,ecommerce
https://www.rainbowmetals.com,ecommerce
https://www.lbow.com,ecommerce
https://www.tropicalenterprises.com,ecommerce
https://www.lovedesignerbags.com,ecommerce
https://www.dellamoda.com,ecommerce
https://www.suspenderstore.com,ecommerce
https://www.simplyscarves.com,ecommerce
https://www.shoplindasstuff.com,ecommerce
https://www.inayajewelry.com,ecommerce
https://www.viange.in,ecommerce
https://www.fastballoons.com,ecommerce
https://www.bigsmall.in,ecommerce
https://www.giftcart.com,ecommerce
https://www.americangiftfactory.com,ecommerce
https://www.americangiftfactory.com,ecommerce
https://www.basketcreationsplus.com,ecommerce
https://www.babyblooms.co.uk,ecommerce
https://www.likeadoll.com,ecommerce
https://www.msmugs.com,ecommerce
https://www.giftsin24.com,ecommerce
https://www.affirmations.com.au,ecommerce
https://www.personalcreations.com,ecommerce
https://www.wrapsodyonline.com,ecommerce
https://www.gallerycollection.com,ecommerce
https://www.archiesonline.com,ecommerce
https://www.lusonic.com,ecommerce
https://www.newtube.com,ecommerce
https://www.angledcables.com,ecommerce
https://www.ezmaal.com,ecommerce
https://www.abrown.com,ecommerce
https://www.shippingcasesnow.com,ecommerce
https://www.cordlessworkz.com,ecommerce
https://www.ninjaremote.com,ecommerce
https://www.headphone.com,ecommerce
https://www.koovs.com,ecommerce
https://www.cilory.com,ecommerce
https://www.westside.com,ecommerce
https://www.centralandme.com,ecommerce
https://www.bata.in,ecommerce
https://www.stevemadden.in,ecommerce
https://www.fnp.com,ecommerce
https://www.thejodilife.com,ecommerce
https://www.bellofox.com,ecommerce
https://www.luluandsky.com,ecommerce
https://www.pipabella.com,ecommerce
https://www.houseofindya.com,ecommerce
https://www.maccosmetics.com,ecommerce
https://www.collegenet.com,education
https://www.admissionsplus.blogspot.com,education
https://www.andhrauniversity.info,education
https://www.somaiya.edu,education
https://www.iitg.ernet.in,education
https://www.kic.org.uk,education
https://www.cujs.soc.srcf.net,education
https://www.realcollegelife.com,education
https://www.columbia.ab.ca,education
https://www.ualberta.ca,education
https://www.politicalscience.ualberta.ca,education
https://www.unschoolers.com,education
https://www.worldwidelearn.com,education
https://www.qac.ac.uk,education
https://www.childnow.org,education
https://www.execbar.com,education
https://www.agentschoiceonline.com,education
https://www.mcqs.com,education
https://www.aestheticrealism.org,education
https://www.instrumentalchemistry.com,education
https://www.aesociety.org,education
https://www.studyhplc.com,education
https://www.link.springer.com,education
https://www.synapses.co.uk,education
https://www.webqc.org,education
https://www.education.jlab.org,education
https://www.chemcollective.org,education
https://www.chemguide.co.uk,education
https://www.chemistry.co.nz,education
https://www.en.wikipedia.org,education
https://www.sciencegeek.net,education
https://www.quantum-chemistry-history.com,education
https://www.chemicalelements.com,education
https://www.geopolymer.org,education
https://www.chem1.com,education
https://www.environmentalchemistry.com,education
https://www.en.wikipedia.org,education
https://www.visionlearning.com,education
https://www.math.tifr.res.in,education
https://www.allaboutcircuits.com,education
https://www.algebra.com,education
https://www.link.springer.com,education
https://www.en.wikipedia.org,education
https://www.mathworld.wolfram.com,education
https://www.algebra-answer.com,education
https://www.mathworld.wolfram.com,education
https://www.amstat.org,education
https://www.mathonline.edusoftmax.com,education
https://www.imammb.oxfordjournals.org,education
https://www.calculus.org,education
https://www.en.wikipedia.org,education
https://www.scienceworld.wolfram.com,education
https://www.shyamsundergupta.com,education
https://www.numbertheory.org,education
https://www.gtcenter.org,education
https://www.appliedprobability.org,education
https://www.calculator.org,education
https://www.lasers.org.uk,education
https://www.darkmattertheories.com,education
https://www.mtnmath.com,education
https://www.scholarpedia.org,education
https://www.angelfire.com,education
https://www.physics.uoguelph.ca,education
https://www.physicsweb.org,education
https://www.worldscienceu.com,education
https://www.cosmolearning.com,education
https://www.interactivescienceteacher.com,education
https://www.fearofphysics.com,education
https://www.wondermagnet.com,education
https://www.geneticanthropology.org,education
https://www.archaeology.about.com,education
https://www.trentu.ca,education
https://www.geographyfieldwork.com,education
https://www.shodor.org,education
https://www.en.wikipedia.org,education
https://www.geostudies.co.uk,education
https://www.earthscienceeducation.com,education
https://www.geea.lyellcollection.org,education
https://www.earthsciweek.org,education
https://www.geomatics.ucalgary.ca,education
https://www.synapses.co.uk,education
https://www.en.wikipedia.org,education
https://www.journals.elsevier.com,education
https://www.explorable.com,education
https://www.all-science-fair-projects.com,education
https://www.b2science.org,education
https://www.wageningenur.nl,education
https://www.agronomy.org,education
https://www.getonthebus.org,education
https://www.theskyscrapers.org,education
https://www.fubo.tv,entertainment
https://www.hulu.com,entertainment
https://www.tv.youtube.com,entertainment
https://www.attwatchtv.com,entertainment
https://www.klowdtv.com,entertainment
https://www.corporate.pluto.tv,entertainment
https://www.xumo.tv,entertainment
https://www.bravotv.com,entertainment
https://www.watch.diynetwork.com,entertainment
https://www.abc.com,entertainment
https://www.plex.tv,entertainment
https://www.popcornflix.com,entertainment
https://www.aetv.com,entertainment
https://www.amebatv.com,entertainment
https://www.ahctv.com,entertainment
https://www.amc.com,entertainment
https://www.cbs.com,entertainment
https://www.contv.com,entertainment
https://www.epix.com,entertainment
https://www.freeform.com,entertainment
https://www.hmnow.com,entertainment
https://www.here.tv,entertainment
https://www.criterionchannel.com,entertainment
https://www.upfaithandfamily.com,entertainment
https://www.tubitv.com,entertainment
https://www.iflix.com,entertainment
https://www.vudu.com,entertainment
https://www.123moviesfree.net,entertainment
https://www.putlocker-is.org,entertainment
https://www.kanopy.com,entertainment
https://www.music.youtube.com,entertainment
https://www.music.amazon.in,entertainment
https://www.jamendo.com,social_media
https://www.soundclick.com,entertainment
https://www.idagio.com,entertainment
https://www.tidal.com,entertainment
https://www.livexlive.com,entertainment
https://www.us.napster.com,entertainment
https://www.primephonic.com,entertainment
https://www.groovesharks.org,entertainment
https://www.murfie.com,entertainment
https://www.anghami.com,entertainment
https://www.epidemicsound.com,entertainment
https://www.blip.fm,entertainment
https://www.jango.com,entertainment
https://www.iheart.com,entertainment
https://www.vimeo.com,entertainment
https://www.twitch.tv,entertainment
https://www.livestream.com,entertainment
https://www.periscope.tv,entertainment
https://www.dacast.com,entertainment
https://www.video.ibm.com,entertainment
https://www.shoutcast.com,entertainment
https://www.panopto.com,entertainment
https://www.streamlabs.com,entertainment
https://www.corp.kaltura.com,entertainment
https://www.vplayed.com,entertainment
https://www.dlive.tv,entertainment
https://www.vmix.com,entertainment
https://www.live555.com,entertainment
https://www.facebook.com,entertainment
https://www.clipbucket.com,entertainment
https://www.ventunotech.com,entertainment
https://www.shift72.com,entertainment
https://www.instagib.tv,entertainment
https://www.switchboard.live,entertainment
https://www.streamyard.com,entertainment
https://www.mubi.com,entertainment
https://www.sho.com,entertainment
https://www.azm.to,entertainment
https://www.broadwayhd.com,entertainment
https://www.cameleon.live,entertainment
https://www.hidive.com,entertainment
https://www.socialjustice.nic.in,legal
https://www.travelsites.com,tourism
https://www.travelsites.com,tourism
https://www.momondo.in,tourism
https://www.ebookers.com,tourism
https://www.book.priceline.com,tourism
https://www.trip.com,tourism
https://www.orbitz.com,tourism
https://www.travelocity.com,tourism
https://www.hotwire.com,tourism
https://www.otel.com,tourism
https://www.ebookers.com,tourism
https://www.in.lastminute.com,tourism
https://www.onthebeach.co.uk,tourism
https://www.kayak.co.in,tourism
https://www.marriott.com,tourism
https://www.costcotravel.com,tourism
https://www.hoteltonight.com,tourism
https://www.hoteltravelclub.com,tourism
https://www.wyndhamhotels.com,tourism
https://www.westin.marriott.com,tourism
https://www.capellahotels.com,tourism
https://www.hotelamparo.com,tourism
https://www.fogoislandinn.ca,tourism
https://www.ritzcarlton.com,tourism
https://www.secretbay.dm,tourism
https://www.canaves.com,tourism
https://www.sunsetkeycottages.com,tourism
https://www.twinfarms.com,tourism
https://www.pueblobonito.com,tourism
https://www.nihi.com,tourism
https://www.viceroyhotelsandresorts.com,tourism
https://www.mandarinoriental.com,tourism
https://www.northblockhotel.com,tourism
https://www.milestonehotel.com,tourism
https://www.rockhouse.com,social_media
https://www.affordabletours.com,tourism
https://www.totallyspain.com,tourism
https://www.dreamworldtravel.co.uk,tourism
https://www.joytours.com,tourism
https://www.njewasafaris.com,tourism
https://www.nepalspiritualtrekking.com,tourism
https://www.aandftour.com,news
https://www.inkaexperience.com,tourism
https://www.peru-travels.com,tourism
https://www.shiptoshoretravelltd.com,tourism
https://www.hnltravel.com,tourism
https://www.islanddreamsworldtravel.com,tourism
https://www.okeanostravel.com,tourism
https://www.discovermongolia.mn,tourism
https://www.turansa.com,tourism
https://www.albatros-travel.com,tourism
https://www.kenyadreamholidays.com,tourism
https://www.fts-travels.com,tourism
https://www.aimadventures.com,tourism
https://www.nbitravel.com,tourism
https://www.justcruisinplus.com,tourism
https://www.dwwatsontravel.com,tourism
https://www.essentialdownunder.com,tourism
https://www.phuket-trips.com,tourism
https://www.golfholidaysintl.com,tourism
https://www.zentravel.gr,tourism
https://www.circuitosturquia.com,tourism
https://www.jjbtravel.com,tourism
https://www.ethiousatour.com,tourism
https://www.agavetravelcreative.com,tourism
https://www.oberoihotels.com,tourism
https://www.jumeirah.com,tourism
https://www.tierrahotels.com,tourism
https://www.hotelcaferoyal.com,tourism
https://www.ritzparis.com,tourism
https://www.thehousecollective.com,tourism
https://www.grandhoteltremezzo.com,tourism
https://www.waldorfastorialoscabospedregal.com,tourism
https://www.andbeyond.com,tourism
https://www.novotel.accor.com,tourism
https://www.delta.com,tourism
https://www.jal.co.jp,tourism
ttps://www.stmaryskids.org,health
https://www.kidswithfoodallergies.org,health
https://www.malecare.org,health
https://www.degosdisease.com,health
https://www.freedomhealthrecovery.com,health
https://www.freedomhealthrecovery.com,health
https://www.nymemory.org,health
https://www.yunkeracupuncture.com,health
https://www.curavet.com,health
https://www.wrlfmd.org,health
https://www.learnayurveda.com,health
https://www.securethefuture.com,health
https://www.pocaan.org,health
https://www.idsociety.org,health
https://www.chikungunya.in,health
https://www.asthmastory.com,health
https://www.cellutitis.org,health
https://www.brokenjawtips.com,health
https://www.patient.info,health
https://www.en.usz.ch,health
https://www.nm.org,health
https://www.mountsinai.org,health
https://www.hamad.qa,health
https://www.saintfrancis.com,health
https://www.baylorhealth.com,health
https://www.luriechildrens.org,health
https://www.rivalfitnessseattle.com,health
https://www.studiomix.com,health
https://www.orangetheory.com,health
https://www.charlestonkettlebellclub.com,health
https://www.joyoushealth.com,health
https://www.thegymla.com,health
https://www.republicbos.com,health
https://www.ironbridgecrossfit.com,health
https://www.crosstownfitness.com,health
https://www.prevailboxing.com,health
https://www.portlandteamfitness.com,health
https://www.firebrandsports.com,health
https://www.pulsepdx.net,health
https://www.push511.com,health
https://www.fulcrumfitness.com,health
https://www.castlehillfitness.com,tourism
https://www.apollohospitals.com,health
https://www.sgrh.com,health
https://www.ilbs.in,health
https://www.sankaranethralaya.org,health
https://www.carehospitals.com,health
https://www.carehospitals.com,health
https://www.ilbs.in,health
https://www.sankaranethralaya.org,health
https://www.carehospitals.com,health
https://www.carehospitals.com,health
https://www.safety.blr.com,health
https://www.globalstar.com,finance
https://www.globalentrepreneurshipconsortium.org,finance
https://www.nofussaccounting.com,finance
https://www.naiglobal.com,finance
https://www.globalvaluation.com,finance
https://www.stocktrading.com,finance
https://www.futurefunds.com.au,finance
https://www.institutionalfunds.com,finance
https://www.accaglobal.com,finance
https://www.costdownconsulting.com,finance
https://www.accountservices.com,finance
https://www.nextenergysolarfund.com,finance
https://www.seqifund.com,finance
https://www.quixotegroup.com,finance
https://www.measuredsolutions.com,finance
https://www.scottygroup.com,finance
https://www.tradefirst.com,finance
https://www.relocationmoverservices.com,finance
https://www.epicurusconsulting.com,finance
https://www.interchangegroup.com,finance
https://www.americanbanker.com,finance
https://www.starlingbank.com,finance
https://www.columbiabank.com,finance
https://www.amalgamatedbank.com,finance
https://www.bankunderground.co.uk,finance
https://www.bankingsupport.info,finance
https://www.htmarket.com,finance
https://www.thrivemarket.com,finance
https://www.moef.gov.in,government
https://www.goidirectory.nic.in,government
https://www.pensionersportal.gov.in,government
https://www.socialjustice.nic.in,legal
https://www.nmdfc.org,government
https://www.mib.gov.in,government
https://www.lawmin.gov.in,government
https://www.mumbaipolice.co.in,government
https://www.narcoticsindia.nic.in,government
https://www.upsc.gov.in,government
https://www.indianarmy.nic.in,government
https://www.ncbc.nic.in,government
https://www.indianairforce.nic.in,government
https://www.ifs.nic.in,government
https://www.ips.gov.in,government
https://www.nia.gov.in,government
https://www.crpf.gov.in,government
https://www.polisen.se,government
https://www.rcmp-grc.gc.ca,government
https://www.government.ru,government
https://www.asis.gov.au,government
https://www.dea.gov,government
https://www.ice.gov,government
https://www.cbic.gov.in,government
https://www.kasrl.org,technology
https://www.gmdhshell.com,technology
https://www.en.wikipedia.org,technology
https://www.cadingandcoding.blogspot.com,technology
https://www.panzercad.com,technology
https://www.metalopt.com,technology
https://www.qualgorithms.blogspot.com,technology
https://www.qualgorithms.blogspot.com,technology
https://www.comcraftfr.com,technology
https://www.gailly.net,technology
https://www.stringology.org,technology
https://www.siam.org,technology
https://www.epaperpress.com,technology
https://www.agenarisk.com,technology
https://www.cra.com,technology
https://www.qsmm.org,technology
https://www.tensorflow.org,technology
https://www.filegate.net,technology
https://www.idecad.com,technology
https://www.m8tools.com,technology
https://www.editcnc.com,technology
https://www.brightonbased.co.uk,technology
https://www.flpcdr.com,technology
https://www.seagrasssoftware.com,technology
https://www.vrlab.epfl.ch,technology